{"cameraMode":{"drawMode":0,"name":"Shaded","section":"Shading Mode"},"sceneLighting":true,"audioPlay":false,"sceneViewState":{"showFog":true,"showMaterialUpdate":false,"showSkybox":true,"showFlares":true,"showImageEffects":true,"showParticleSystems":true},"in2DMode":false,"pivot":{"x":46.509403228759769,"y":1.030212640762329,"z":66.73577117919922},"rotation":{"x":-0.5445156097412109,"y":-0.05500830337405205,"z":0.03581532835960388,"w":-0.8361877799034119},"size":31.618370056152345,"orthographic":false}