{"cameraMode":{"drawMode":0,"name":"Shaded","section":"Shading Mode"},"sceneLighting":false,"audioPlay":false,"sceneViewState":{"showFog":true,"showMaterialUpdate":false,"showSkybox":false,"showFlares":true,"showImageEffects":true,"showParticleSystems":true},"in2DMode":false,"pivot":{"x":-0.4370255470275879,"y":3.40051007270813,"z":-0.060830116271972659},"rotation":{"x":-0.6455429196357727,"y":0.0004709245986305177,"z":-0.00041211035568267107,"w":-0.7637611627578735},"size":8.356524467468262,"orthographic":true}