{"cameraMode":{"drawMode":0,"name":"Shaded","section":"Shading Mode"},"sceneLighting":false,"audioPlay":false,"sceneViewState":{"showFog":true,"showMaterialUpdate":false,"showSkybox":false,"showFlares":true,"showImageEffects":true,"showParticleSystems":true},"in2DMode":false,"pivot":{"x":4.0091023445129398,"y":0.30000001192092898,"z":11.261800765991211},"rotation":{"x":-0.30229464173316958,"y":-0.04802326858043671,"z":0.0152514623478055,"w":-0.9518895149230957},"size":0.41003069281578066,"orthographic":false}